[{
	"ID": "0",
	"Country": "DE",
	"Product": "PC Power Station",
	"ProductId": "01000",
	"TotalSales_CURRENCY": "EUR",
	"TotalSalesForecast_CURRENCY": "USD",
	"TotalSales": "4150",
	"TotalSalesForecast": "6000",
	"OverallSales": "34273",
	"Land1": "DE",
	"CountryCode": "DE"
}, {
	"ID": "1",
	"Country": "DE",
	"Product": "ITelO FlexTop I9100",
	"ProductId": "01001",
	"TotalSales_CURRENCY": "EUR",
	"TotalSalesForecast_CURRENCY": "USD",
	"TotalSales": "2200",
	"TotalSalesForecast": "2000",
	"OverallSales": "34273",
	"Land1": "DE",
	"CountryCode": "DE"
}, {
	"ID": "2",
	"Country": "DE",
	"Product": "Portable DVD Player with 9 LCD Monitor",
	"ProductId": "01002",
	"TotalSales_CURRENCY": "EUR",
	"TotalSalesForecast_CURRENCY": "USD",
	"TotalSales": "2100",
	"TotalSalesForecast": "2300",
	"OverallSales": "34273",
	"Land1": "DE",
	"CountryCode": "DE"
}, {
	"ID": "3",
	"Country": "DE",
	"Product": "Notebook Basic 15",
	"ProductId": "01003",
	"TotalSales_CURRENCY": "EUR",
	"TotalSalesForecast_CURRENCY": "USD",
	"TotalSales": "1790",
	"TotalSalesForecast": "1400",
	"OverallSales": "34273",
	"Land1": "DE",
	"CountryCode": "DE"
}, {
	"ID": "4",
	"Country": "DE",
	"Product": "Silverberry",
	"ProductId": "01004",
	"TotalSales_CURRENCY": "EUR",
	"TotalSalesForecast_CURRENCY": "USD",
	"TotalSales": "7685",
	"TotalSalesForecast": "10000",
	"OverallSales": "34273",
	"Land1": "DE",
	"CountryCode": "DE"
}, {
	"ID": "5",
	"Country": "DE",
	"Product": "Notebook Basic 19",
	"ProductId": "01005",
	"TotalSales_CURRENCY": "EUR",
	"TotalSalesForecast_CURRENCY": "USD",
	"TotalSales": "7648",
	"TotalSalesForecast": "6500",
	"OverallSales": "34273",
	"Land1": "DE",
	"CountryCode": "DE"
}, {
	"ID": "6",
	"Country": "DE",
	"Product": "Laser Professional Eco",
	"ProductId": "01006",
	"TotalSales_CURRENCY": "EUR",
	"TotalSalesForecast_CURRENCY": "USD",
	"TotalSales": "4950",
	"TotalSalesForecast": "3000",
	"OverallSales": "34273",
	"Land1": "DE",
	"CountryCode": "DE"
}, {
	"ID": "7",
	"Country": "DE",
	"Product": "Easy Hand III",
	"ProductId": "01007",
	"TotalSales_CURRENCY": "EUR",
	"TotalSalesForecast_CURRENCY": "USD",
	"TotalSales": "2000",
	"TotalSalesForecast": "2700",
	"OverallSales": "34273",
	"Land1": "DE",
	"CountryCode": "DE"
}, {
	"ID": "8",
	"Country": "DE",
	"Product": "10 Portable DVD player",
	"ProductId": "01008",
	"TotalSales_CURRENCY": "EUR",
	"TotalSalesForecast_CURRENCY": "USD",
	"TotalSales": "5950",
	"TotalSalesForecast": "7500",
	"OverallSales": "34273",
	"Land1": "DE",
	"CountryCode": "DE"
}, {
	"ID": "9",
	"Country": "DE",
	"Product": "Audio/Video Cable Kit - 12 ft",
	"ProductId": "01009",
	"TotalSales_CURRENCY": "EUR",
	"TotalSalesForecast_CURRENCY": "USD",
	"TotalSales": "3300",
	"TotalSalesForecast": "3700",
	"OverallSales": "34273",
	"Land1": "DE",
	"CountryCode": "DE"
}, {
	"ID": "10",
	"Country": "DE",
	"Product": "Audio1",
	"ProductId": "01010",
	"TotalSales_CURRENCY": "EUR",
	"TotalSalesForecast_CURRENCY": "USD",
	"TotalSales": "3200",
	"TotalSalesForecast": "3000",
	"OverallSales": "34273",
	"Land1": "DE",
	"CountryCode": "DE"
}, {
	"ID": "11",
	"Country": "USA",
	"Product": "Audio2",
	"ProductId": "01011",
	"TotalSales_CURRENCY": "EUR",
	"TotalSalesForecast_CURRENCY": "USD",
	"TotalSales": "2980",
	"TotalSalesForecast": "3200",
	"OverallSales": "34273",
	"Land1": "DE",
	"CountryCode": "DE"
}, {
	"ID": "12",
	"Country": "USA",
	"Product": "Audio3",
	"ProductId": "01012",
	"TotalSales_CURRENCY": "EUR",
	"TotalSalesForecast_CURRENCY": "USD",
	"TotalSales": "2500",
	"TotalSalesForecast": "2700",
	"OverallSales": "34273",
	"Land1": "DE",
	"CountryCode": "DE"
}, {
	"ID": "13",
	"Country": "USA",
	"ProductId": "01013",
	"Product": "Audio4",
	"TotalSales_CURRENCY": "EUR",
	"TotalSalesForecast_CURRENCY": "USD",
	"TotalSales": "3450",
	"TotalSalesForecast": "3150",
	"OverallSales": "34273",
	"Land1": "DE",
	"CountryCode": "DE"
}, {
	"ID": "14",
	"Country": "USA",
	"Product": "Audio5",
	"ProductId": "01014",
	"TotalSales_CURRENCY": "EUR",
	"TotalSalesForecast_CURRENCY": "USD",
	"TotalSales": "3600",
	"TotalSalesForecast": "3650",
	"OverallSales": "34273",
	"Land1": "DE",
	"CountryCode": "DE"
}, {
	"ID": "16",
	"Country": "USA",
	"Product": "Audio6",
	"ProductId": "01015",
	"TotalSales_CURRENCY": "EUR",
	"TotalSalesForecast_CURRENCY": "USD",
	"TotalSales": "3890",
	"TotalSalesForecast": "3500",
	"OverallSales": "34273",
	"Land1": "DE",
	"CountryCode": "DE"
}]